<?xml version="1.0" encoding="UTF-8"?>
<metadata xml:lang="zh"><Esri><CreaDate>20230604</CreaDate><CreaTime>20333900</CreaTime><ArcGISFormat>1.0</ArcGISFormat><SyncOnce>TRUE</SyncOnce><DataProperties><lineage><Process Name="栅格计算器" ToolSource="d:\arcgis10.8\desktop10.8\ArcToolbox\Toolboxes\Spatial Analyst Tools.tbx\RasterCalculator" Date="20230604" Time="203339">RasterCalculator Con("D:\桌面\黄松\NEP_result____g CO2_m-2_a-1\黄松自己的2000-2022\黄松自己的NPP\重采样1000m\HC2014.tif.tif.tif.tif.tif" &lt; 2,"D:\桌面\黄松\NEP_result____g CO2_m-2_a-1\黄松自己的2000-2022\黄松自己的NPP\重采样1000m\HC2014.tif.tif.tif.tif.tif",0) "D:\桌面\黄松\NEP_result____g CO2_m-2_a-1\黄松自己的2000-2022\黄松自己的NPP\重采样1000m\去掉差值\No_HC2014.tif.tif.tif.tif.tif.tif"</Process></lineage></DataProperties></Esri></metadata>
