<?xml version="1.0" encoding="UTF-8"?>
<metadata xml:lang="zh"><Esri><CreaDate>20230604</CreaDate><CreaTime>21052300</CreaTime><ArcGISFormat>1.0</ArcGISFormat><SyncOnce>TRUE</SyncOnce><DataProperties><lineage><Process Name="栅格计算器" ToolSource="d:\arcgis10.8\desktop10.8\ArcToolbox\Toolboxes\Spatial Analyst Tools.tbx\RasterCalculator" Date="20230604" Time="210523">RasterCalculator ""D:\桌面\黄松\NEP_result____g CO2_m-2_a-1\黄松自己的2000-2022\NEP最终结果-1000m_g C m-2 a-1\去掉城市插值，单位是kg C m-2 a-1\NEP2011.tif" * 1000 * (44 / 12)" "D:\桌面\黄松\NEP_result____g CO2_m-2_a-1\黄松自己的2000-2022\NEP最终结果-1000m_g C m-2 a-1\去掉城市插值，单位是kg C m-2 a-1\g_CO2_m-2_a-1注意C已CO2\NEP2011.tif.tif"</Process></lineage></DataProperties></Esri></metadata>
